-- Generation time: Sun, 06 Dec 2020 18:46:37 +0000
-- Host: mysql.hostinger.ro
-- DB name: u574849695_25
/*!40030 SET NAMES UTF8 */;
/*!40101 SET @OLD_CHARACTER_SET_CLIENT=@@CHARACTER_SET_CLIENT */;
/*!40101 SET @OLD_CHARACTER_SET_RESULTS=@@CHARACTER_SET_RESULTS */;
/*!40101 SET @OLD_COLLATION_CONNECTION=@@COLLATION_CONNECTION */;
/*!40103 SET @OLD_TIME_ZONE=@@TIME_ZONE */;
/*!40103 SET TIME_ZONE='+00:00' */;
/*!40014 SET @OLD_UNIQUE_CHECKS=@@UNIQUE_CHECKS, UNIQUE_CHECKS=0 */;
/*!40014 SET @OLD_FOREIGN_KEY_CHECKS=@@FOREIGN_KEY_CHECKS, FOREIGN_KEY_CHECKS=0 */;
/*!40101 SET @OLD_SQL_MODE=@@SQL_MODE, SQL_MODE='NO_AUTO_VALUE_ON_ZERO' */;
/*!40111 SET @OLD_SQL_NOTES=@@SQL_NOTES, SQL_NOTES=0 */;

DROP TABLE IF EXISTS `likes`;
CREATE TABLE `likes` (
  `id` bigint(20) unsigned NOT NULL AUTO_INCREMENT COMMENT 'Идентификатор лайка',
  `content_id` bigint(20) unsigned NOT NULL COMMENT 'Идентификатор контента',
  `content_type` enum('Media','User','Post','Message') COLLATE utf8_unicode_ci NOT NULL COMMENT 'Тип контента',
  `user_id` bigint(20) unsigned NOT NULL COMMENT 'Код кользователя, который поставил лайк',
  `is_positive` tinyint(1) NOT NULL DEFAULT 1 COMMENT 'ЛайкДизлайк',
  `created_at` datetime DEFAULT current_timestamp() COMMENT 'Время создания строки',
  `updated_at` datetime DEFAULT current_timestamp() ON UPDATE current_timestamp() COMMENT 'Время обновления строки',
  PRIMARY KEY (`id`)
) ENGINE=InnoDB AUTO_INCREMENT=101 DEFAULT CHARSET=utf8 COLLATE=utf8_unicode_ci COMMENT='Лайки';

INSERT INTO `likes` VALUES ('1','1','Message','12','1','2007-10-07 01:13:28','1971-05-18 16:48:41'),
('2','14','Post','93','0','2017-07-28 21:24:00','2010-12-25 13:40:17'),
('3','19','Post','23','0','2015-01-31 23:09:12','1999-09-29 00:24:28'),
('4','6','Post','6','1','1990-05-27 15:49:46','1997-05-07 07:09:25'),
('5','26','Message','78','0','2013-06-13 18:58:11','1989-02-04 22:21:12'),
('6','2','Message','5','0','1984-09-30 12:05:43','1979-12-21 19:24:49'),
('7','5','User','79','1','1974-09-20 16:57:29','1977-02-23 20:24:09'),
('8','5','User','59','0','1988-11-27 16:44:12','1991-02-15 23:12:26'),
('9','18','Post','12','1','1980-07-07 04:40:43','1984-06-29 02:52:48'),
('10','6','Message','12','0','1996-09-20 05:04:55','1988-07-27 22:47:03'),
('11','26','Message','81','0','2017-08-29 03:00:48','1975-04-05 13:24:01'),
('12','30','Message','18','1','1982-03-03 01:43:52','1997-10-09 04:35:34'),
('13','1','Post','31','0','1999-11-13 00:13:05','1974-11-29 19:14:45'),
('14','18','Media','58','1','1990-07-12 05:08:40','1995-07-12 08:04:01'),
('15','30','Media','5','1','2019-04-12 22:30:25','1982-03-29 06:05:17'),
('16','22','Media','34','0','1978-08-31 14:48:39','2005-07-11 16:04:14'),
('17','29','Media','27','0','1995-09-29 19:46:52','1975-05-12 23:18:29'),
('18','7','Post','68','1','1979-02-23 04:43:01','2017-08-17 08:41:28'),
('19','17','Message','77','1','2000-10-06 21:06:38','1985-10-08 23:21:52'),
('20','18','Media','80','1','2001-05-18 22:16:21','1979-11-18 01:09:00'),
('21','17','Message','67','1','1972-04-24 01:15:36','2019-07-29 06:50:43'),
('22','30','Post','25','1','2005-05-03 12:56:51','2018-02-14 01:57:50'),
('23','27','Media','99','0','2006-10-12 03:39:23','2004-06-10 09:08:38'),
('24','20','User','80','0','2013-10-04 04:37:23','2007-10-16 12:55:37'),
('25','16','User','73','0','1995-06-08 22:47:34','1974-12-10 07:03:29'),
('26','16','User','20','0','2003-07-15 21:52:27','1980-04-10 02:55:38'),
('27','17','Message','71','1','1984-09-09 12:21:26','1973-02-28 17:36:17'),
('28','25','Message','74','0','1989-12-28 18:45:29','2000-09-01 15:51:25'),
('29','11','User','87','1','2017-08-30 18:15:35','1976-11-08 22:29:00'),
('30','3','Media','54','0','2000-07-02 21:12:32','1974-06-15 07:07:13'),
('31','9','Message','75','1','1979-05-01 07:48:07','2005-01-01 04:47:17'),
('32','25','Post','49','1','2017-10-24 19:51:22','2017-07-01 13:10:37'),
('33','20','Message','24','1','2005-02-04 06:10:39','1971-06-12 09:20:14'),
('34','18','Post','26','1','2011-01-22 17:15:17','1972-09-19 11:04:31'),
('35','3','Media','35','1','2018-03-21 09:58:11','2000-05-30 17:15:30'),
('36','16','Post','98','0','1970-05-05 10:11:01','2007-03-16 23:18:44'),
('37','2','Post','33','0','1993-05-30 13:46:55','2003-08-12 02:42:50'),
('38','26','Message','7','0','2019-06-20 20:19:59','1993-08-01 22:53:10'),
('39','30','Media','56','0','2014-10-27 22:38:55','2019-07-29 05:25:05'),
('40','9','User','5','0','2016-10-15 14:04:28','1970-12-02 01:20:44'),
('41','10','Post','90','1','2002-08-06 11:34:34','1991-06-04 02:00:03'),
('42','13','Media','33','1','1983-07-23 01:43:38','2010-02-27 15:49:57'),
('43','2','User','58','1','1998-09-25 11:20:04','2002-12-13 10:26:46'),
('44','23','Message','67','1','1978-05-30 03:16:13','1986-01-16 10:32:54'),
('45','20','User','45','1','1996-08-10 23:07:17','1977-06-17 12:21:13'),
('46','21','User','89','0','1997-06-25 07:17:05','1989-12-24 10:24:05'),
('47','14','Media','70','0','2004-08-02 08:03:11','1988-01-12 17:50:23'),
('48','9','Message','47','1','2018-04-12 09:52:52','1977-08-15 17:31:20'),
('49','13','Post','3','0','2012-07-13 11:26:20','2010-06-29 12:06:53'),
('50','20','Media','56','0','1978-10-05 12:45:04','1991-07-01 18:18:55'),
('51','21','Message','36','1','2009-05-22 22:36:30','1995-09-13 07:52:55'),
('52','21','Media','29','0','2008-04-12 03:36:31','1991-03-21 21:45:53'),
('53','10','Post','100','0','2012-02-20 08:37:34','1973-08-30 15:29:05'),
('54','24','Media','55','1','1971-10-06 06:29:05','1977-06-17 03:39:40'),
('55','19','Message','47','0','2005-10-09 09:56:58','2019-02-15 15:31:28'),
('56','7','User','60','0','1983-07-08 02:42:37','1973-03-05 18:49:31'),
('57','21','Media','88','1','1991-10-08 18:33:19','1991-03-07 08:47:59'),
('58','5','Message','57','1','1997-08-21 04:21:54','1977-09-17 11:28:58'),
('59','11','Post','85','1','1992-06-27 18:45:48','1997-07-29 16:42:39'),
('60','17','User','96','1','2000-01-11 17:42:23','2002-04-20 20:03:52'),
('61','19','Message','48','1','1986-09-19 06:23:02','1980-12-18 14:21:40'),
('62','24','Media','96','1','1975-03-08 13:19:49','1999-02-05 01:23:44'),
('63','23','Message','17','0','2009-07-11 02:09:01','1997-06-28 12:13:39'),
('64','15','Message','2','1','1993-07-27 21:42:36','1991-04-11 10:02:05'),
('65','29','Post','19','0','1970-08-23 02:35:30','2020-06-22 17:19:27'),
('66','14','Post','52','0','2013-12-25 05:08:01','1990-05-09 01:05:47'),
('67','24','User','46','1','1992-02-12 21:20:52','1971-12-24 18:36:25'),
('68','23','Message','32','1','2017-01-22 03:42:34','1992-06-19 21:28:03'),
('69','9','Post','63','0','1987-08-25 20:25:59','1995-01-25 04:55:34'),
('70','27','Media','89','1','1998-08-21 01:22:49','1999-10-20 17:27:49'),
('71','22','Media','62','0','1976-07-13 09:04:06','2005-03-04 17:20:13'),
('72','8','Post','63','0','1990-09-02 10:58:09','2017-02-16 01:06:50'),
('73','29','User','3','0','2020-08-25 19:21:38','1997-06-18 04:40:29'),
('74','25','User','97','0','1989-04-18 21:12:27','1988-03-07 19:07:45'),
('75','8','Media','99','0','2013-12-14 01:28:32','1972-01-10 19:43:04'),
('76','16','Post','3','1','1988-12-15 09:45:08','1989-09-01 02:10:37'),
('77','10','Post','5','0','2017-12-22 17:51:21','1980-04-09 21:06:18'),
('78','17','Post','100','0','1980-05-19 14:33:19','2001-06-30 12:08:04'),
('79','14','Post','15','1','2010-02-09 19:39:04','2020-09-19 10:01:03'),
('80','14','Post','88','0','1986-01-22 03:52:03','2017-05-21 09:06:51'),
('81','5','Media','24','0','2007-03-22 06:43:53','1973-10-10 08:47:14'),
('82','7','User','96','0','1983-03-02 16:46:30','1998-07-12 02:23:34'),
('83','18','Message','60','0','1971-10-26 01:17:14','2020-01-30 04:59:57'),
('84','22','Media','32','1','1978-05-03 21:02:34','2018-04-02 13:06:36'),
('85','2','Message','10','1','2003-04-19 10:00:13','1970-06-07 16:00:36'),
('86','26','Post','5','1','2006-05-05 02:16:36','1976-02-25 23:00:43'),
('87','12','Post','21','0','1988-06-27 19:14:12','1993-02-21 04:22:53'),
('88','14','Message','50','1','1997-12-30 16:47:28','2019-10-24 04:21:45'),
('89','24','Message','86','1','1978-12-25 03:13:19','1977-04-02 11:49:07'),
('90','22','Media','15','1','1982-05-31 15:25:05','1984-08-13 22:30:59'),
('91','5','Media','58','1','2013-04-26 06:55:41','1989-06-03 04:23:55'),
('92','2','Post','41','1','1984-07-14 14:31:55','2016-12-23 07:23:36'),
('93','29','Message','66','1','2015-11-01 12:59:51','2018-04-17 03:43:02'),
('94','20','Message','27','0','1983-03-31 01:16:55','1975-09-09 09:34:33'),
('95','4','Media','12','0','2010-11-30 20:13:40','1985-08-12 19:08:40'),
('96','29','User','73','1','2003-08-04 23:06:41','2011-10-28 17:49:13'),
('97','25','User','40','0','1973-01-22 22:56:32','2003-03-19 08:55:09'),
('98','14','User','31','0','1984-08-26 02:11:32','1986-02-11 04:47:37'),
('99','3','Media','97','1','1982-05-18 12:34:25','1974-12-11 05:11:35'),
('100','10','Message','95','0','2009-12-09 06:41:09','1980-03-29 04:47:27'); 


DROP TABLE IF EXISTS `post_communities`;
CREATE TABLE `post_communities` (
  `post_id` bigint(20) unsigned NOT NULL COMMENT 'Идентификатор поста',
  `community_id` bigint(20) unsigned NOT NULL COMMENT 'Идентификатор группы',
  `enable` tinyint(1) NOT NULL DEFAULT 1 COMMENT 'Признак включения доступности поста для группы, определяет валделец поста',
  `confirmed` tinyint(1) NOT NULL DEFAULT 0 COMMENT 'Признак подвержденния администратором группы на показ поста в группе',
  `created_at` datetime DEFAULT current_timestamp() COMMENT 'Время создания строки',
  `updated_at` datetime DEFAULT current_timestamp() ON UPDATE current_timestamp() COMMENT 'Время обновления строки',
  PRIMARY KEY (`post_id`,`community_id`)
) ENGINE=InnoDB DEFAULT CHARSET=utf8 COLLATE=utf8_unicode_ci COMMENT='Группы, для которых предназначен пост';

INSERT INTO `post_communities` VALUES ('1','2','1','1','2018-02-17 04:21:10','2015-02-19 13:06:38'),
('1','6','0','0','1990-09-03 05:19:13','1971-11-22 09:42:06'),
('1','14','0','0','2012-09-20 15:37:39','1991-08-28 04:43:09'),
('1','17','1','0','1998-11-05 11:20:48','1993-03-20 00:56:41'),
('3','17','1','0','2004-01-28 17:50:00','1975-01-07 04:09:51'),
('4','11','1','1','2006-11-01 16:38:52','2017-05-27 07:17:17'),
('5','11','0','0','2019-09-05 01:24:28','2019-10-10 09:25:53'),
('6','18','1','0','1989-10-26 13:31:49','1986-04-16 18:03:58'),
('6','20','1','0','2003-03-25 09:08:44','2018-04-25 07:01:51'),
('7','16','0','0','2006-09-16 18:20:44','1983-12-11 04:51:22'),
('8','7','0','1','1997-03-28 03:58:56','2007-02-26 22:35:31'),
('8','14','1','1','2009-04-02 01:18:18','2013-12-15 16:14:52'),
('9','8','0','1','1982-11-25 04:57:04','1994-03-17 22:01:55'),
('9','15','0','0','1987-03-25 07:22:25','1970-06-29 08:23:31'),
('11','12','1','1','1998-04-06 07:11:56','1988-12-12 08:07:46'),
('12','3','0','0','1987-07-22 06:49:34','2013-02-09 16:47:56'),
('14','4','0','0','1983-07-04 22:35:49','2003-09-13 07:14:31'),
('16','6','1','0','1979-11-29 11:51:13','1998-04-26 14:48:33'),
('16','7','0','1','1975-01-21 22:32:43','2000-12-29 18:49:52'),
('16','11','1','1','2000-11-11 22:28:37','1982-09-04 16:29:30'),
('17','6','1','0','1973-05-25 07:51:13','2019-05-14 21:31:50'),
('18','7','1','1','2017-02-13 21:56:28','1983-12-22 17:10:08'),
('20','1','0','0','1999-09-20 09:34:14','1996-06-10 19:27:10'),
('20','7','0','0','1978-11-04 03:35:41','2006-01-03 20:26:43'),
('20','11','0','1','1994-03-06 02:14:49','2003-04-14 01:56:36'),
('21','2','1','1','1991-06-03 02:33:38','1970-12-21 04:59:04'),
('22','7','0','0','1999-07-10 00:09:19','1984-12-27 16:41:15'),
('22','18','1','0','1986-10-25 11:35:25','1992-10-16 16:11:01'),
('23','1','0','1','2014-04-18 03:42:00','1979-08-02 05:19:27'),
('23','6','1','1','2011-06-05 23:29:42','1973-01-07 23:42:42'),
('24','12','1','0','2007-05-18 15:42:57','1996-10-21 01:52:47'),
('26','7','0','0','1972-03-29 15:26:36','1984-09-02 12:18:50'),
('26','14','1','1','2014-12-08 12:57:44','1983-04-07 19:02:14'),
('26','16','0','0','1990-09-19 15:04:59','1982-03-16 12:27:02'),
('27','5','0','1','2009-09-01 15:44:10','1993-05-04 05:31:16'),
('30','1','1','1','1989-01-18 11:50:26','1972-12-04 21:42:44'),
('30','7','0','1','1983-04-17 16:48:21','1982-05-30 10:28:49'),
('30','13','1','1','2012-09-09 06:32:35','2016-08-15 01:49:14'),
('33','15','1','0','2010-01-02 09:52:33','2004-01-20 23:13:38'),
('35','20','0','1','2008-09-03 09:43:03','2003-06-26 19:18:15'),
('36','7','0','1','1984-09-15 14:04:57','1978-12-12 18:51:06'),
('36','11','0','1','1988-05-19 18:24:24','1997-10-12 05:25:26'),
('36','19','1','0','2015-02-07 19:21:56','1984-02-03 16:23:27'),
('37','8','0','1','1976-12-31 19:34:22','2005-01-23 20:14:21'),
('39','16','0','0','2002-12-02 03:16:55','1973-10-27 18:34:07'),
('42','11','1','0','2001-05-04 01:45:05','2015-10-03 07:45:59'),
('42','18','1','1','2015-06-27 05:00:28','2017-02-02 00:56:59'),
('43','8','1','0','2000-09-20 23:10:38','1995-03-05 21:45:12'),
('44','8','1','1','1986-02-13 17:50:54','2006-01-23 18:44:18'),
('47','7','0','0','2008-02-24 18:12:01','1990-12-26 05:53:40'),
('48','9','0','0','1977-06-29 12:17:46','2003-12-07 04:30:11'),
('49','1','0','0','1979-04-22 23:32:50','1986-12-12 03:25:21'),
('49','5','1','0','1986-10-21 02:23:56','1992-04-12 07:11:34'),
('50','14','1','1','2018-08-21 21:18:26','1987-01-14 02:46:33'),
('50','15','1','1','1988-01-20 16:15:16','1991-08-16 11:52:00'),
('51','7','1','0','2010-09-17 20:47:41','2011-07-06 23:07:41'),
('52','10','1','0','2014-04-09 02:38:10','1988-06-25 13:22:31'),
('52','11','0','1','1993-06-21 22:35:49','1975-01-25 16:06:52'),
('55','5','1','0','1984-07-29 20:08:25','1972-08-03 07:05:50'),
('57','16','0','1','1993-05-20 16:33:58','1993-12-11 12:47:11'),
('58','10','1','1','1987-06-04 17:42:36','2018-04-06 09:37:46'),
('58','13','1','0','1998-04-09 10:28:04','1999-01-24 02:09:52'),
('60','1','1','1','1971-05-19 06:32:01','2015-10-19 11:34:10'),
('62','4','1','1','1999-06-24 12:34:33','1990-05-19 22:36:38'),
('62','5','1','0','1986-05-16 09:48:43','1982-12-14 05:09:46'),
('63','15','1','1','1978-01-08 01:29:04','2007-01-07 13:29:44'),
('65','14','1','0','2015-03-21 09:39:56','1989-07-13 12:23:04'),
('67','20','1','1','1977-02-23 17:50:08','1973-11-09 10:36:32'),
('68','17','1','0','1991-06-29 15:21:33','2010-12-20 03:42:17'),
('69','13','1','1','2005-03-24 16:58:48','2001-08-06 16:18:19'),
('71','16','0','0','1989-11-01 05:15:46','1974-08-11 08:34:44'),
('72','1','1','1','2010-01-29 19:36:38','1971-02-23 17:26:17'),
('72','16','0','0','1994-04-27 00:58:16','2000-09-29 16:43:22'),
('73','17','0','0','1987-07-06 15:28:00','1976-08-23 02:39:30'),
('74','18','1','0','1979-08-17 02:25:00','1991-06-30 05:43:33'),
('75','15','0','0','2001-11-23 19:37:18','1980-11-26 18:10:49'),
('78','5','0','1','2005-07-20 08:14:12','2002-12-18 09:28:42'),
('78','13','1','0','2003-02-19 18:08:11','1979-09-11 21:57:05'),
('78','14','1','0','1993-11-18 07:13:03','1981-08-01 12:35:00'),
('79','7','1','0','2004-11-20 22:49:30','2019-08-05 08:34:38'),
('80','15','1','1','1995-09-02 13:51:17','1982-12-11 15:01:26'),
('82','12','1','1','1998-08-11 14:39:13','2004-06-12 02:45:18'),
('83','15','0','0','1992-08-16 06:48:49','1993-10-23 04:23:04'),
('85','14','0','0','1995-05-31 00:34:47','2008-03-29 23:52:53'),
('86','12','1','0','1981-05-06 05:49:19','2005-07-18 06:25:11'),
('86','15','0','0','2003-01-03 18:25:44','1985-01-30 08:36:36'),
('86','19','0','1','1978-06-02 05:57:09','2012-12-12 09:11:08'),
('90','12','1','1','1982-03-02 07:26:31','1978-07-27 08:52:01'),
('90','13','0','1','1988-03-12 22:31:18','1970-01-26 21:01:40'),
('91','12','1','1','2005-09-16 07:37:37','1996-02-06 22:56:06'),
('91','13','1','1','1972-05-07 02:37:12','1985-05-03 07:39:18'),
('92','13','1','1','2003-07-07 11:11:45','2016-09-16 10:13:49'),
('92','19','1','0','1993-04-11 11:52:50','1992-07-24 13:41:31'),
('93','11','0','0','2002-11-07 06:36:22','1970-11-01 15:49:36'),
('94','6','0','0','1979-02-06 04:52:48','2015-08-17 09:26:10'),
('95','13','1','0','1985-04-05 23:33:32','2000-10-06 16:55:09'),
('99','2','0','1','2011-02-17 07:23:28','1986-05-01 16:04:46'),
('99','17','1','0','2009-10-29 16:24:09','2005-04-29 09:46:47'),
('100','17','0','0','1993-01-01 21:44:58','1989-10-28 07:46:05'); 


DROP TABLE IF EXISTS `post_media`;
CREATE TABLE `post_media` (
  `post_id` bigint(20) unsigned NOT NULL COMMENT 'Идентификатор поста',
  `media_id` bigint(20) unsigned NOT NULL COMMENT 'Идентификатор медиа файла',
  `created_at` datetime DEFAULT current_timestamp() COMMENT 'Время создания строки',
  `updated_at` datetime DEFAULT current_timestamp() ON UPDATE current_timestamp() COMMENT 'Время обновления строки',
  PRIMARY KEY (`post_id`,`media_id`)
) ENGINE=InnoDB DEFAULT CHARSET=utf8 COLLATE=utf8_unicode_ci COMMENT='Медиа файлы, опубликованные в посте';

INSERT INTO `post_media` VALUES ('3','41','1997-03-25 10:23:47','1978-08-29 16:29:35'),
('3','90','1972-06-20 07:18:11','1982-01-25 11:28:44'),
('4','13','1984-08-08 08:45:10','2013-10-10 10:52:55'),
('16','9','1989-10-21 17:27:28','1998-11-03 11:49:52'),
('17','14','1982-10-26 17:48:40','1988-04-23 04:26:29'),
('19','83','1999-08-21 22:42:02','1978-08-07 04:20:14'),
('19','85','1994-01-23 07:43:46','2010-07-01 15:24:40'),
('21','21','1972-07-19 00:54:11','1974-04-06 08:23:50'),
('25','7','1990-05-25 09:15:26','2013-08-29 22:23:00'),
('26','91','1977-04-14 21:59:51','2004-07-02 02:05:06'),
('28','8','2018-11-14 01:42:54','1989-05-14 17:50:09'),
('28','31','1975-05-17 02:08:48','2016-05-08 08:45:37'),
('28','84','2004-04-02 07:06:04','2006-01-26 13:13:05'),
('32','13','2009-03-02 09:28:00','2010-10-10 17:31:07'),
('32','50','1975-10-02 05:25:25','2002-01-12 21:40:51'),
('35','35','2001-03-12 03:32:06','1978-05-23 13:46:36'),
('35','36','1998-04-04 09:29:05','1987-05-30 15:31:43'),
('38','17','1999-01-03 19:35:55','2019-04-13 00:18:09'),
('41','21','2013-03-01 18:44:28','2006-11-18 19:51:05'),
('41','32','1996-07-15 17:10:53','1998-12-16 06:21:57'),
('42','4','1976-02-07 05:01:08','2000-10-10 07:06:36'),
('43','31','2020-07-21 22:22:56','1971-03-08 14:57:11'),
('44','78','1986-03-20 20:14:32','1971-11-25 19:51:42'),
('47','23','2020-03-27 10:58:59','2019-02-12 13:43:30'),
('48','7','1982-01-04 02:43:45','1978-02-07 16:18:28'),
('48','25','1979-07-02 02:15:25','2003-09-18 00:11:34'),
('48','79','2019-03-02 07:51:02','2012-02-20 03:38:48'),
('49','48','1970-02-09 22:21:00','1974-04-28 09:34:51'),
('50','11','1975-01-21 22:29:40','1989-04-16 06:41:26'),
('50','89','2020-09-08 17:57:57','1972-02-09 08:15:20'),
('51','39','1974-04-03 12:54:44','1994-04-26 23:58:19'),
('51','64','1980-04-09 21:09:46','1970-09-07 08:20:39'),
('54','91','2002-11-17 06:50:52','2016-02-08 15:53:32'),
('55','53','2010-10-08 08:02:38','2008-06-18 14:47:11'),
('56','49','2013-04-23 07:33:28','2018-12-20 02:50:14'),
('58','59','2011-01-23 12:33:57','1990-04-02 05:10:16'),
('58','66','2016-08-29 20:15:06','2014-03-22 03:11:20'),
('61','70','1972-12-13 22:01:05','2001-10-03 23:47:04'),
('69','85','1975-12-30 05:26:52','1983-03-07 11:32:35'),
('70','32','1997-12-13 04:10:01','2002-10-14 04:43:28'),
('72','95','2013-03-13 06:34:10','2000-09-18 18:20:40'),
('73','33','1975-08-05 15:51:44','2019-04-03 08:42:51'),
('74','49','1996-12-15 09:04:49','1999-07-19 18:52:33'),
('75','79','1982-07-13 06:50:43','2004-03-26 00:04:57'),
('78','58','1974-10-23 00:33:41','1978-08-15 17:09:54'),
('79','81','1996-11-18 23:30:26','1992-03-09 21:27:11'),
('80','18','2015-04-20 17:57:10','1978-02-27 16:16:59'),
('80','66','2013-05-09 02:22:15','1998-03-04 11:50:41'),
('81','18','1999-06-17 02:01:52','1997-08-27 01:16:03'),
('84','43','1972-09-29 17:47:51','2010-11-27 19:14:00'),
('85','28','2012-10-25 01:23:32','2002-09-14 20:09:39'),
('86','62','1973-09-12 03:35:24','2000-06-18 20:22:30'),
('86','88','2003-08-26 15:56:37','1996-11-16 17:03:02'),
('88','52','1997-08-31 02:47:40','2015-08-16 19:44:18'),
('90','10','2017-03-01 10:52:59','1983-01-04 03:52:10'),
('95','69','2014-02-28 14:48:46','2017-07-10 20:59:47'),
('95','99','2015-05-20 10:45:41','2007-06-13 07:39:59'),
('97','67','1997-04-03 07:39:40','1972-11-04 06:50:11'),
('98','70','1970-11-15 01:36:00','2000-02-04 10:14:27'),
('99','62','1981-11-21 18:39:01','1982-11-26 08:03:58'); 


DROP TABLE IF EXISTS `posts`;
CREATE TABLE `posts` (
  `id` bigint(20) unsigned NOT NULL AUTO_INCREMENT COMMENT 'Идентификатор поста',
  `user_id` bigint(20) unsigned NOT NULL COMMENT 'Идентификатор пользователя',
  `posts_text` varchar(1000) COLLATE utf8_unicode_ci DEFAULT NULL COMMENT 'Текст поста',
  `visibility` enum('draft','private','for_friends','for_groups','for_all') COLLATE utf8_unicode_ci NOT NULL DEFAULT 'draft' COMMENT 'Видимость поста',
  `created_at` datetime DEFAULT current_timestamp() COMMENT 'Время создания строки',
  `updated_at` datetime DEFAULT current_timestamp() ON UPDATE current_timestamp() COMMENT 'Время обновления строки',
  PRIMARY KEY (`id`)
) ENGINE=InnoDB AUTO_INCREMENT=101 DEFAULT CHARSET=utf8 COLLATE=utf8_unicode_ci COMMENT='Посты';

INSERT INTO `posts` VALUES ('1','98','fxvw','for_friends','1983-02-10 19:04:09','1977-03-31 01:48:53'),
('2','38','hftf','private','2013-06-03 21:15:06','1971-07-28 10:28:45'),
('3','18','fzop','private','1971-02-28 08:33:33','1988-01-11 14:11:14'),
('4','99','chwa','for_friends','2000-01-30 14:15:10','2006-02-07 18:42:19'),
('5','71','lrdd','for_all','1988-05-10 05:22:55','2000-01-16 12:40:35'),
('6','83','rzpl','private','2010-12-19 11:14:53','2001-11-20 21:25:31'),
('7','27','kfcm','draft','2006-02-10 06:07:37','1977-08-16 08:29:33'),
('8','17','prfg','draft','2013-02-07 04:14:11','2018-09-30 01:54:00'),
('9','99','ahoi','draft','2012-10-20 15:08:40','2013-05-11 05:01:17'),
('10','74','dbpb','for_groups','2008-05-02 19:44:16','1992-10-13 00:27:10'),
('11','23','qvxp','for_groups','1992-05-05 23:53:43','2011-08-13 23:37:49'),
('12','84','qboj','for_all','1987-01-28 23:22:39','1997-08-05 16:24:12'),
('13','56','vbyz','private','1980-04-27 15:31:17','1989-08-12 05:00:37'),
('14','15','bvvk','for_all','1976-11-10 06:23:12','1976-05-24 23:40:09'),
('15','79','kfxj','private','1989-01-27 08:08:55','1996-02-25 00:41:22'),
('16','59','yvhv','for_all','1997-10-12 18:00:42','1976-06-12 00:34:16'),
('17','62','fzmc','for_all','2009-12-02 21:58:03','1973-10-13 00:23:18'),
('18','17','qleg','draft','2004-10-15 08:32:49','1974-04-06 05:37:28'),
('19','76','vuci','for_friends','2006-04-07 20:25:01','1980-07-27 12:26:54'),
('20','56','ifih','for_groups','2002-11-05 18:37:13','2000-08-15 09:52:40'),
('21','82','qyyu','for_groups','2020-05-29 21:03:34','1985-05-10 22:51:47'),
('22','30','akus','for_friends','2017-07-15 17:36:44','1999-02-05 19:08:50'),
('23','12','kxfm','for_friends','1995-07-27 15:26:48','2003-12-21 16:10:43'),
('24','59','ftzp','private','1973-05-29 19:35:26','1999-09-01 10:59:58'),
('25','17','ibtc','for_all','2000-05-14 21:22:30','1999-06-09 08:41:52'),
('26','87','jfqo','private','2018-11-21 12:48:20','2020-07-21 07:22:42'),
('27','76','rxdp','for_groups','1997-02-01 02:47:08','1993-09-01 09:10:41'),
('28','69','fmut','for_groups','1996-07-10 11:05:14','2008-02-21 04:18:56'),
('29','6','hfps','draft','1981-02-15 14:56:05','1989-02-28 22:54:38'),
('30','89','rgtv','private','2020-08-11 10:21:13','2020-08-29 13:20:53'),
('31','95','nrmk','private','2003-11-17 04:50:31','1971-01-12 12:54:33'),
('32','76','lrsu','private','2008-02-01 00:49:30','1995-08-10 12:20:54'),
('33','67','xaba','private','1997-07-17 05:13:10','1998-05-23 15:09:21'),
('34','2','gfrs','for_all','1980-02-29 11:57:03','1981-03-03 10:11:53'),
('35','88','yoqg','draft','1989-01-16 03:29:15','2019-09-29 15:01:59'),
('36','64','yuba','for_friends','2005-08-26 14:30:08','2014-06-01 04:11:04'),
('37','58','ifkq','for_all','2001-08-18 19:09:55','1999-12-18 12:01:25'),
('38','74','hkkv','for_groups','1991-11-14 17:04:13','2013-10-10 16:41:37'),
('39','1','vfsz','private','1984-07-24 00:06:13','1997-10-06 22:26:12'),
('40','9','iqia','for_all','2010-03-17 13:21:36','1988-11-21 09:54:09'),
('41','81','xmjn','for_friends','2004-12-13 18:45:35','1979-01-06 12:45:00'),
('42','32','lcgj','draft','2016-01-07 06:41:51','1987-09-28 05:53:53'),
('43','22','tsfc','for_friends','1978-05-24 06:33:19','1992-05-19 09:01:13'),
('44','72','yhmt','for_groups','2007-04-12 14:31:18','1984-01-08 10:37:01'),
('45','43','pqkb','for_groups','1972-10-26 01:48:33','2019-08-02 00:16:59'),
('46','52','pkjb','for_friends','2016-04-01 17:23:01','1973-10-06 15:50:29'),
('47','97','kpib','for_groups','2009-02-24 02:35:32','1990-07-07 20:40:18'),
('48','75','setq','for_groups','2017-05-24 04:27:31','2014-01-04 18:19:54'),
('49','78','uxqr','for_all','1977-06-17 05:43:23','2002-06-07 23:16:50'),
('50','32','qyzd','for_friends','1990-05-02 13:24:31','1971-05-15 03:18:58'),
('51','97','velb','draft','1977-01-20 15:11:36','2003-08-22 13:28:48'),
('52','50','hwfa','draft','1973-10-15 20:18:54','2004-06-02 15:10:04'),
('53','56','hmwj','for_friends','1990-01-30 10:38:53','2016-04-19 16:52:30'),
('54','10','zije','private','1983-06-10 17:12:17','2012-09-11 16:20:09'),
('55','32','fxhd','private','2017-10-21 04:45:15','1975-11-08 06:19:32'),
('56','92','cchg','for_friends','1985-06-13 04:43:28','2011-04-29 12:01:30'),
('57','41','zayz','for_all','2015-10-20 09:55:19','1977-11-18 20:04:40'),
('58','51','lhtg','private','2006-04-01 02:12:45','2006-03-03 12:56:21'),
('59','34','rowd','for_friends','2019-10-27 15:33:58','1994-12-16 02:29:01'),
('60','35','rszu','private','1983-06-05 15:27:35','2007-12-27 00:19:57'),
('61','55','bbdo','draft','1998-01-13 12:03:37','2010-09-18 16:20:59'),
('62','69','xtqi','for_friends','1980-12-04 01:55:14','2017-12-22 21:10:09'),
('63','62','izaz','private','2004-11-07 10:56:51','2011-08-08 01:34:45'),
('64','57','utyd','for_friends','2003-03-24 11:15:48','1986-12-06 01:50:11'),
('65','30','quzy','for_friends','2009-01-26 09:18:01','2002-11-03 01:48:19'),
('66','7','vgfz','for_friends','2004-12-07 17:37:59','2000-10-14 20:59:45'),
('67','6','hxrw','private','2008-05-07 19:42:48','2001-08-25 03:23:27'),
('68','90','ypiz','for_all','1998-05-18 03:25:47','1973-05-24 13:53:27'),
('69','86','zdzu','for_all','2007-01-01 02:38:31','1987-08-01 15:49:07'),
('70','27','tvna','draft','1996-11-05 06:44:14','1976-06-22 19:14:47'),
('71','97','rdsi','private','2011-03-27 06:38:10','1991-05-29 16:21:50'),
('72','100','rkvx','private','2008-10-05 15:04:35','1974-08-26 18:11:56'),
('73','45','lthd','for_friends','2019-06-20 22:15:42','1977-03-06 01:44:43'),
('74','1','lntn','draft','2002-11-13 18:26:45','1977-10-31 16:16:24'),
('75','7','ihmi','for_groups','1986-12-07 22:12:16','2009-09-18 16:06:16'),
('76','22','hqok','private','2020-12-01 10:18:10','2008-02-17 07:07:06'),
('77','46','pjet','for_friends','2008-06-23 13:55:09','1987-08-15 05:54:55'),
('78','22','apnk','for_friends','2017-05-03 09:10:35','2012-03-06 10:46:18'),
('79','16','nrfl','for_all','1974-01-08 01:04:46','2009-04-02 19:28:40'),
('80','9','afso','for_groups','1972-10-18 21:32:52','2020-09-20 03:59:46'),
('81','71','qugx','private','2010-06-30 21:59:29','2009-12-07 23:00:04'),
('82','99','ubyy','draft','2019-03-24 19:43:14','1977-06-30 14:57:46'),
('83','24','qarq','for_groups','2016-11-19 03:34:54','1979-07-02 13:11:29'),
('84','35','wnsq','draft','1979-03-05 07:00:35','2019-08-13 22:08:13'),
('85','84','hgpz','for_groups','2004-06-11 02:19:17','1972-11-27 17:29:37'),
('86','67','hryc','for_groups','2007-04-26 03:25:35','1993-04-23 10:42:50'),
('87','92','ejgl','private','2013-09-16 11:58:38','2009-01-21 07:56:48'),
('88','45','njei','draft','2015-10-18 12:07:15','2013-05-23 11:12:50'),
('89','29','vgsc','draft','1984-06-13 12:58:42','2002-04-13 00:03:30'),
('90','8','vwkp','for_all','1973-06-21 13:43:10','1970-08-02 15:33:25'),
('91','57','fblj','for_groups','2011-03-14 07:20:28','2004-12-06 03:53:24'),
('92','51','duyo','for_all','1975-12-02 10:50:58','2002-11-09 18:42:32'),
('93','53','sbhh','for_friends','2013-01-29 09:18:38','1979-11-06 02:28:12'),
('94','12','ozxs','for_all','2002-06-01 13:44:20','2009-02-25 20:01:27'),
('95','23','acwt','for_groups','2010-11-26 00:25:15','2015-11-02 14:02:58'),
('96','2','fdju','private','1989-10-16 14:32:29','1999-04-24 22:27:48'),
('97','62','grls','private','2007-11-19 04:59:26','1997-07-28 22:03:06'),
('98','49','cbyi','for_all','1984-10-13 15:30:12','2020-03-21 07:17:21'),
('99','52','crcs','for_groups','1984-05-28 18:42:38','1986-05-02 09:36:56'),
('100','46','wmab','for_groups','1996-11-02 15:44:32','1992-10-17 18:30:29'); 




/*!40101 SET SQL_MODE=@OLD_SQL_MODE */;
/*!40014 SET FOREIGN_KEY_CHECKS=@OLD_FOREIGN_KEY_CHECKS */;
/*!40014 SET UNIQUE_CHECKS=@OLD_UNIQUE_CHECKS */;
/*!40101 SET CHARACTER_SET_CLIENT=@OLD_CHARACTER_SET_CLIENT */;
/*!40101 SET CHARACTER_SET_RESULTS=@OLD_CHARACTER_SET_RESULTS */;
/*!40101 SET COLLATION_CONNECTION=@OLD_COLLATION_CONNECTION */;
/*!40111 SET SQL_NOTES=@OLD_SQL_NOTES */;

